CarrierName,FinalScore
GlobalWay,1.7000000000000002
SwiftTrans,1.7000000000000002
FleetXpress,1.5750000000000002
BlueCargo,1.125
EagleShip,0.8250000000000001
